{"cameraMode":{"drawMode":0,"name":"Shaded","section":"Shading Mode"},"sceneLighting":true,"audioPlay":false,"sceneViewState":{"m_AlwaysRefresh":false,"showFog":true,"showSkybox":true,"showFlares":true,"showImageEffects":true,"showParticleSystems":true,"showVisualEffectGraphs":true,"m_FxEnabled":true},"in2DMode":false,"pivot":{"x":-32.06583786010742,"y":1.3608598709106446,"z":48.911373138427737},"rotation":{"x":0.04674259200692177,"y":-0.047625862061977389,"z":0.0022065790835767986,"w":0.9978256225585938},"size":26.22271156311035,"orthographic":false}